{
  "RF": {
    "acc": 0.8264,
    "f1_macro": 0.8241282186573742
  },
  "MLP": {
    "acc": 0.8698,
    "f1_macro": 0.8697180804095699
  },
  "MLP v2": {
    "acc": 0.8768,
    "f1_macro": 0.8769980950915913
  },
  "KAN": {
    "acc": 0.8774,
    "f1_macro": 0.8778856929075758
  },
  "Smooth KAN": {
    "acc": 0.876,
    "f1_macro": 0.8768654857913265
  },
  "Soft ensemble": {
    "acc": 0.8792,
    "f1_macro": 0.8796110078559006
  },
  "Meta-ensemble": {
    "acc": 0.8776,
    "f1_macro": 0.8784020471457008
  }
}