{
  "RF": {
    "acc": 0.8834,
    "f1_macro": 0.8821155583858539
  },
  "MLP": {
    "acc": 0.863,
    "f1_macro": 0.862138617693591
  },
  "MLP v2": {
    "acc": 0.8724,
    "f1_macro": 0.8719035265605872
  },
  "KAN": {
    "acc": 0.8766,
    "f1_macro": 0.8768242404063373
  },
  "Smooth KAN": {
    "acc": 0.8722,
    "f1_macro": 0.8731117735411953
  },
  "Soft ensemble": {
    "acc": 0.8828,
    "f1_macro": 0.8827625764373612
  },
  "Meta-ensemble": {
    "acc": 0.9064,
    "f1_macro": 0.9066977014792234
  }
}